669137186, Milton Jackson, https://randomuser.me/api/portraits/men/72.jpg
92844256, Frank Castro, https://randomuser.me/api/portraits/men/30.jpg
88411155, Ted Chambers, https://randomuser.me/api/portraits/men/79.jpg
940793682, Salvador Craig, https://randomuser.me/api/portraits/men/71.jpg
461314951, Sherri Duncan, https://randomuser.me/api/portraits/women/93.jpg
286326194, Gavin Rivera, https://randomuser.me/api/portraits/men/41.jpg
886471357, Chad Bowman, https://randomuser.me/api/portraits/men/8.jpg
462279844, Fred Simpson, https://randomuser.me/api/portraits/men/37.jpg
475020055, Allen Tucker, https://randomuser.me/api/portraits/men/5.jpg
458705389, Tim Simmmons, https://randomuser.me/api/portraits/men/2.jpg
